phase,hop_count,distance,seq_len,compiled,elapsed_s,loss,sys_mem_gb
train,1,0,5,True,22.651363751036115,18.29243278503418,100.35348892211914
train,1,0,5,False,0.49110772006679326,18.289609909057617,100.35183715820312
train,1,0,5,False,0.4348263159627095,18.364442825317383,100.3451156616211
train,1,0,5,False,0.435963551979512,18.380146026611328,100.33816528320312
train,1,3,11,True,22.87958916090429,18.266382217407227,100.55563735961914
train,1,3,11,False,0.4904956710524857,18.304615020751953,100.5475082397461
train,1,3,11,False,0.4881659859092906,18.26653289794922,100.5475082397461
train,1,3,11,False,0.49156719795428216,18.349014282226562,100.5475082397461
train,1,9,23,True,24.205092724063434,17.72978401184082,100.79161834716797
train,1,9,23,False,0.6255516620585695,17.7215633392334,100.78173446655273
train,1,9,23,False,0.6187565440777689,17.632654190063477,100.78173446655273
train,1,9,23,False,0.6230265069752932,17.534648895263672,100.78024673461914
train,1,21,47,True,28.858411488006823,16.818904876708984,101.12184524536133
train,1,21,47,False,1.4786363990278915,16.479564666748047,101.1123046875
train,1,21,47,False,1.4759352259570733,16.019039154052734,101.1027946472168
train,1,21,47,False,1.60516604303848,15.462417602539062,101.08893585205078
train,1,45,95,True,29.10995226702653,14.327762603759766,101.3868408203125
train,1,45,95,False,2.3823061890434474,13.709907531738281,101.36792755126953
train,1,45,95,False,2.36833231698256,13.022794723510742,101.35321426391602
train,1,45,95,False,2.371597884921357,12.625462532043457,101.3436279296875
train,2,0,8,True,21.652302265982144,18.190868377685547,101.67184448242188
train,2,0,8,False,0.4692258050199598,18.211130142211914,101.66977310180664
train,2,0,8,False,0.4681644720258191,18.18272590637207,101.67000961303711
train,2,0,8,False,0.472252003964968,18.14159393310547,101.66205596923828
train,2,3,17,True,24.262793767033145,17.687448501586914,101.92003631591797
train,2,3,17,False,0.5642536079976708,17.72052001953125,101.92003631591797
train,2,3,17,False,0.5617996170185506,17.616130828857422,101.92000579833984
train,2,3,17,False,0.5661992949899286,17.56568717956543,101.91691207885742
train,2,9,35,True,26.37163441895973,14.254868507385254,102.23701477050781
train,2,9,35,False,1.3567741389852017,14.223329544067383,102.22586822509766
train,2,9,35,False,1.3337619010126218,14.15903091430664,102.21982192993164
train,2,9,35,False,1.3360524360323325,14.062838554382324,102.20846939086914
train,2,21,71,True,28.95492035499774,11.94156265258789,102.50300979614258
train,2,21,71,False,2.1098201060667634,11.759572982788086,102.49141311645508
train,2,21,71,False,2.1043981270631775,11.635270118713379,102.4944953918457
train,2,21,71,False,2.1035256169270724,11.606058120727539,102.49005126953125
train,2,45,143,True,31.40801225998439,10.384491920471191,102.82496643066406
train,2,45,143,False,3.7990933529799804,10.326847076416016,102.80762100219727
train,2,45,143,False,3.7740361629985273,10.372000694274902,102.79191970825195
train,2,45,143,False,3.7833812889875844,10.314629554748535,102.78276062011719
train,3,0,11,False,0.5208444290328771,18.0032958984375,102.80434799194336
train,3,0,11,False,0.49590962298680097,18.02311897277832,102.80434799194336
train,3,0,11,False,0.48978127003647387,18.053363800048828,102.80432510375977
train,3,0,11,False,0.4913064750144258,17.974428176879883,102.80330276489258
train,3,3,23,False,0.6449083919869736,16.709089279174805,102.83257675170898
train,3,3,23,False,0.6234219629550353,16.6783390045166,102.83113098144531
train,3,3,23,False,0.6229616099735722,16.584575653076172,102.83301162719727
train,3,3,23,False,0.6199388339882717,16.518199920654297,102.8329963684082
train,3,9,47,False,1.5072488309815526,13.219436645507812,102.892822265625
train,3,9,47,False,1.493540539056994,13.11929702758789,102.89331817626953
train,3,9,47,False,1.4692887130659074,13.057411193847656,102.89238739013672
train,3,9,47,False,1.4840759249636903,12.9359769821167,102.89155197143555
train,3,21,95,False,2.4187542690197006,11.152697563171387,102.94482040405273
train,3,21,95,False,2.3968881809851155,10.956714630126953,102.97933578491211
train,3,21,95,False,2.374794492032379,10.94336223602295,102.96303939819336
train,3,21,95,False,2.3902142359875143,10.907736778259277,102.95209884643555
train,3,45,191,True,33.09647423599381,10.046858787536621,103.31498336791992
train,3,45,191,False,4.78678410500288,10.063772201538086,103.28741836547852
train,3,45,191,False,4.755520050995983,9.991678237915039,103.28362655639648
train,3,45,191,False,4.782332943985239,10.018501281738281,103.27866744995117
train,4,0,14,True,23.200374451000243,18.56321907043457,103.54521179199219
train,4,0,14,False,0.520443007000722,18.45370864868164,103.54437637329102
train,4,0,14,False,0.517197765992023,18.48365592956543,103.54140853881836
train,4,0,14,False,0.5189606420462951,18.371288299560547,103.53947067260742
train,4,3,29,True,23.81747255299706,15.851469039916992,103.85437393188477
train,4,3,29,False,0.6868561619194224,15.774829864501953,103.85245513916016
train,4,3,29,False,0.6798856100067496,15.710939407348633,103.8477554321289
train,4,3,29,False,0.6801493220264092,15.56452465057373,103.84674835205078
train,4,9,59,True,28.489964684005827,12.460301399230957,104.08822250366211
train,4,9,59,False,1.5932395509444177,12.451977729797363,104.0831298828125
train,4,9,59,False,1.596337478957139,12.387894630432129,104.07958602905273
train,4,9,59,False,1.5864613481098786,12.267507553100586,104.07241821289062
train,4,21,119,True,30.068541095941328,10.817962646484375,104.37967681884766
train,4,21,119,False,3.0925807500025257,10.78381633758545,104.36268997192383
train,4,21,119,False,3.074386488995515,10.727412223815918,104.34750366210938
train,4,21,119,False,3.0972667849855497,10.777253150939941,104.34304809570312
train,4,45,239,True,34.15729379898403,10.016633987426758,104.66341018676758
train,4,45,239,False,5.897789272945374,10.047743797302246,104.63901138305664
train,4,45,239,False,5.873506888980046,9.953361511230469,104.630859375
train,4,45,239,False,5.900115108001046,9.961338996887207,104.62144470214844
train,5,0,17,False,0.5774534259689972,17.416793823242188,104.62516021728516
train,5,0,17,False,0.5674192439764738,17.37432861328125,104.63278198242188
train,5,0,17,False,0.5605898299254477,17.321367263793945,104.62779235839844
train,5,0,17,False,0.5673820080701262,17.111268997192383,104.62679672241211
train,5,3,35,False,1.3569731089519337,14.909214973449707,104.63273239135742
train,5,3,35,False,1.3349496109876782,14.93589973449707,104.62299346923828
train,5,3,35,False,1.3364455830305815,14.848526000976562,104.62044525146484
train,5,3,35,False,1.3338415269972757,14.827629089355469,104.6170768737793
train,5,9,71,False,2.117149199009873,12.156365394592285,104.62880325317383
train,5,9,71,False,2.1008286019787192,12.144773483276367,104.61729049682617
train,5,9,71,False,2.110209199017845,12.042268753051758,104.60974884033203
train,5,9,71,False,2.102568616042845,11.978410720825195,104.62799835205078
train,5,21,143,False,3.784874334000051,10.68057632446289,104.64278411865234
train,5,21,143,False,3.795360298943706,10.625329971313477,104.6254997253418
train,5,21,143,False,3.7728844730881974,10.60452938079834,104.6194953918457
train,5,21,143,False,3.7895406120223925,10.609003067016602,104.61371231079102
train,5,45,287,True,37.18114159395918,9.875207901000977,105.00788497924805
train,5,45,287,False,6.851280331029557,9.855146408081055,104.99397277832031
train,5,45,287,False,6.850265444954857,9.817949295043945,104.98564147949219
train,5,45,287,False,6.8593048020266,9.861631393432617,104.96702194213867
eval1,5,45,287,,70.07917415502016,0.0,104.9421615600586
eval1,4,45,239,,57.90176147699822,0.0,104.98300552368164
eval1,3,45,191,,45.97893927595578,0.0,105.10479736328125
eval1,2,45,143,,37.12279091705568,0.0,105.22761154174805
eval1,5,21,143,,4.577742916997522,0.0,105.34045791625977
eval1,4,21,119,,29.278478538966738,0.0,105.32334899902344
eval1,1,45,95,,26.92806606204249,0.0,105.45337295532227
eval1,3,21,95,,3.7328256459441036,0.0,105.62540817260742
eval1,2,21,71,,21.724116391967982,0.0,105.6335334777832
eval1,5,9,71,,3.458619198994711,0.0,105.78368377685547
eval1,4,9,59,,19.06953203107696,0.0,105.73046112060547
eval1,1,21,47,,16.590614124084823,0.0,105.8416862487793
eval1,3,9,47,,3.000446941005066,0.0,106.01409912109375
eval1,2,9,35,,15.194847082020715,0.0,106.01371383666992
eval1,5,3,35,,2.8637404330074787,0.0,106.1525993347168
eval1,4,3,29,,13.839660587953404,0.0,106.18082427978516
eval1,1,9,23,,12.369759754976258,0.0,106.21346282958984
eval1,3,3,23,,2.5014352459693328,0.0,106.38650894165039
eval1,2,3,17,,10.96145850699395,0.0,106.31627655029297
eval1,5,0,17,,2.3600824220338836,0.0,106.46778869628906
eval1,4,0,14,,10.080388513975777,0.0,106.54768371582031
eval1,1,3,11,,8.889403267996386,0.0,106.67335510253906
eval1,3,0,11,,2.3378033390035853,0.0,106.76094436645508
eval1,2,0,8,,8.487467649043538,0.0,106.79065704345703
eval1,1,0,5,,8.018876026035286,0.0,106.8663444519043
eval2,5,45,287,,7.655169020057656,0.0,106.93035888671875
eval2,4,45,239,,6.279405145091005,0.0,107.01308059692383
eval2,3,45,191,,5.396860114997253,0.0,107.02093505859375
eval2,2,45,143,,4.867678091977723,0.0,107.04741668701172
eval2,5,21,143,,4.778674122062512,0.0,107.10389709472656
eval2,4,21,119,,4.399280137033202,0.0,107.14420318603516
eval2,1,45,95,,3.942855110974051,0.0,107.17182159423828
eval2,3,21,95,,3.8671687429305166,0.0,107.22352600097656
eval2,2,21,71,,3.4762353140395135,0.0,107.2652473449707
eval2,5,9,71,,3.6481688050553203,0.0,107.29583740234375
eval2,4,9,59,,3.346288377069868,0.0,107.34872436523438
eval2,1,21,47,,3.2140003240201622,0.0,107.37487411499023
eval2,3,9,47,,3.127517072018236,0.0,107.43668365478516
eval2,2,9,35,,3.1155177790205926,0.0,107.4742431640625
eval2,5,3,35,,3.027833563974127,0.0,107.49284744262695
eval2,4,3,29,,2.5971522229956463,0.0,107.5327377319336
eval2,1,9,23,,2.494611309026368,0.0,107.56808853149414
eval2,3,3,23,,2.6024684400763363,0.0,107.6060905456543
eval2,2,3,17,,2.5018577909795567,0.0,107.64095306396484
eval2,5,0,17,,2.451250293990597,0.0,107.67936706542969
eval2,4,0,14,,2.458055227994919,0.0,107.73868560791016
eval2,1,3,11,,2.3768006609752774,0.0,107.77252578735352
eval2,3,0,11,,2.457209580927156,0.0,107.80675506591797
eval2,2,0,8,,2.315966428956017,0.0,107.8182601928711
eval2,1,0,5,,2.278783662011847,0.0,107.88123321533203
