step,hop_count,distance,seq_len,compiled,elapsed_s,loss
1,5,21,143,True,68.07952056103386,18.97039794921875
2,5,45,287,True,73.91411526000593,19.033912658691406
3,4,9,59,True,63.80650399602018,18.813030242919922
4,2,45,143,False,1.8871998889371753,17.435850143432617
5,2,3,17,True,60.24866518704221,19.308534622192383
6,1,45,95,True,68.10522715002298,15.10323715209961
7,1,0,5,True,55.73687743290793,19.637950897216797
8,5,9,71,True,68.21495935600251,14.844836235046387
9,5,0,17,False,0.3393522930564359,19.640775680541992
10,2,45,143,False,1.891640038928017,12.114988327026367
11,3,9,47,True,63.80103573191445,14.373007774353027
12,5,3,35,True,63.8610386159271,17.305213928222656
13,4,45,239,True,75.8644387651002,11.538050651550293
14,2,21,71,False,0.9769459490198642,12.552136421203613
15,2,21,71,False,0.9462617191020399,12.406347274780273
16,3,21,95,False,1.2582790580345318,12.140872955322266
17,3,0,11,True,59.41081878403202,19.3612003326416
18,5,0,17,False,0.3380109639838338,19.23837661743164
19,5,9,71,False,0.9686868169810623,13.312211036682129
20,4,21,119,True,70.08665830700193,11.819181442260742
21,4,9,59,False,0.8540792040294036,13.347663879394531
22,2,9,35,False,0.5630344420205802,13.969522476196289
23,1,0,5,False,0.2125849820440635,19.032991409301758
24,2,9,35,False,0.537703032954596,13.717489242553711
25,2,45,143,False,1.8971562209771946,11.001226425170898
26,4,45,239,False,3.1629392590839416,10.776104927062988
27,5,45,287,False,3.787433056975715,10.74557113647461
28,3,3,23,True,59.60925643902738,16.673810958862305
29,3,45,191,True,78.54615166794974,10.777848243713379
30,5,45,287,False,3.7711643390357494,10.69151782989502
31,4,21,119,False,1.5510366250528023,11.414740562438965
32,3,0,11,False,0.2732224570354447,17.971288681030273
33,1,9,23,False,0.39792648795992136,14.235477447509766
34,1,9,23,False,0.38533900200854987,14.107678413391113
35,5,45,287,False,3.7423987360671163,11.086714744567871
36,1,21,47,False,0.7035891999257728,12.252057075500488
37,5,0,17,False,0.3354910520138219,17.521989822387695
38,2,21,71,False,1.0025923909852281,11.657962799072266
39,1,9,23,False,0.38461994600947946,14.13326358795166
40,3,21,95,False,1.2596851489506662,11.457067489624023
41,5,21,143,False,1.8899896299699321,11.269573211669922
42,5,9,71,False,0.9488265459658578,12.56726360321045
43,2,21,71,False,0.9702637229347602,11.516559600830078
44,2,3,17,False,0.3174068940570578,16.334915161132812
45,1,21,47,False,0.6726603999268264,11.837919235229492
46,5,45,287,False,3.7417711329180747,10.529491424560547
47,1,21,47,False,0.6695813219994307,11.832429885864258
48,1,45,95,False,1.2252169949933887,10.730941772460938
49,3,0,11,False,0.24650191399268806,17.198659896850586
50,5,3,35,False,0.5636795919854194,15.101484298706055
51,4,9,59,False,0.8338133149081841,12.624058723449707
52,3,0,11,False,0.24859547591768205,16.61785888671875
53,5,21,143,False,1.8553997100098059,11.507735252380371
54,2,9,35,False,0.5278863379498944,13.050618171691895
55,1,9,23,False,0.3764473319752142,13.687777519226074
56,2,21,71,False,0.9821521550184116,11.317222595214844
57,5,9,71,False,0.9608448529615998,12.431181907653809
58,1,0,5,False,0.21188103803433478,15.3092041015625
59,3,45,191,False,2.5791698769899085,10.71560001373291
60,3,21,95,False,1.2247430309653282,11.20700740814209
61,3,45,191,False,2.5829569249181077,10.543676376342773
62,4,0,14,True,59.02709201397374,17.22454833984375
63,5,3,35,False,0.5437001080717891,15.401927947998047
64,2,21,71,False,0.9936761619755998,11.43589973449707
65,5,3,35,False,0.5185479680076241,15.052482604980469
66,2,0,8,True,55.020780781051144,15.840811729431152
67,1,21,47,False,0.6995549809653312,12.53884506225586
68,2,3,17,False,0.3429175919154659,15.965862274169922
69,4,45,239,False,3.1446161029161885,11.858702659606934
70,2,21,71,False,1.0057146940380335,11.527827262878418
71,4,45,239,False,3.092613877961412,10.461864471435547
72,5,9,71,False,0.9445756130153313,12.550039291381836
73,2,45,143,False,1.880073242005892,10.932412147521973
74,4,0,14,False,0.3056158310500905,16.425983428955078
75,4,45,239,False,3.101129254908301,10.393950462341309
76,4,21,119,False,1.5518143239896744,11.028475761413574
77,2,9,35,False,0.5554042850853875,12.882197380065918
78,2,3,17,False,0.31956243491731584,15.617185592651367
79,5,3,35,False,0.5029834869783372,14.80843734741211
80,1,9,23,False,0.4052403300302103,13.51540756225586
81,3,45,191,False,2.607484115054831,10.681262969970703
82,3,0,11,False,0.2716604070737958,16.181232452392578
83,3,9,47,False,0.6781145660206676,12.44747257232666
84,4,9,59,False,0.8313328229123726,12.24460220336914
85,4,0,14,False,0.2810891040135175,16.382373809814453
86,5,3,35,False,0.5236043779877946,14.73154354095459
87,1,21,47,False,0.6717964570270851,11.543743133544922
88,3,9,47,False,0.6755957459099591,12.377846717834473
89,1,0,5,False,0.2122077269013971,15.037351608276367
90,2,21,71,False,0.9582083319546655,11.168279647827148
91,3,45,191,False,2.584125443943776,10.261455535888672
92,2,45,143,False,1.8571425769478083,10.344156265258789
93,1,45,95,False,1.2636092390166596,10.43433666229248
94,1,3,11,False,0.2490610850509256,16.578693389892578
95,4,3,29,True,63.557812416926026,15.250604629516602
96,1,21,47,False,0.7017643289873376,11.509610176086426
97,2,21,71,False,1.0031753659714013,11.179842948913574
98,3,9,47,False,0.6720896490151063,12.425305366516113
99,2,3,17,False,0.3391601559706032,15.443933486938477
100,1,0,5,False,0.20056576700881124,14.651366233825684
101,3,0,11,False,0.271112693939358,15.9993896484375
102,3,9,47,False,0.6820443930337206,12.947525978088379
103,2,21,71,False,0.9557898589409888,11.913609504699707
104,2,0,8,False,0.2368037950946018,15.462014198303223
105,4,0,14,False,0.3037638390669599,15.929732322692871
106,5,0,17,False,0.3207691280404106,15.904363632202148
107,2,3,17,False,0.3204206369118765,15.236923217773438
108,1,9,23,False,0.40990549698472023,13.354299545288086
109,4,21,119,False,1.5540995199698955,11.052412986755371
110,4,3,29,False,0.4574616040335968,14.453758239746094
111,3,9,47,False,0.6776433739578351,12.241901397705078
112,4,45,239,False,3.12792866199743,10.164334297180176
113,1,9,23,False,0.38779588299803436,14.336962699890137
114,2,0,8,False,0.2087211289908737,16.39057159423828
115,5,45,287,False,3.7728988679591566,10.006080627441406
116,2,3,17,False,0.32130154501646757,15.346503257751465
117,5,21,143,False,1.8805273299803957,10.745498657226562
118,4,3,29,False,0.46925299905706197,14.707777976989746
119,2,0,8,False,0.23243900097440928,15.946088790893555
120,2,9,35,False,0.5473153189523146,12.39350414276123
121,3,3,23,False,0.37671841005794704,14.643387794494629
122,2,9,35,False,0.5276897919829935,12.453819274902344
123,5,21,143,False,1.8540373629657552,10.735323905944824
124,5,3,35,False,0.5187883480684832,14.023677825927734
125,3,3,23,False,0.37432330707088113,14.367934226989746
126,5,0,17,False,0.3136423280229792,15.6613130569458
127,4,45,239,False,3.105526329949498,10.085041046142578
128,3,9,47,False,0.6744105310644954,12.152791023254395
129,2,3,17,False,0.31775982305407524,14.711429595947266
130,4,21,119,False,1.5302035280037671,10.668478965759277
131,2,3,17,False,0.3160823079524562,14.666983604431152
132,5,21,143,False,1.8637348650954664,10.630470275878906
133,5,9,71,False,0.9516924639465287,11.832865715026855
134,5,0,17,False,0.31695657002273947,15.55364990234375
135,4,0,14,False,0.2774695309344679,15.368851661682129
136,5,0,17,False,0.31590140296611935,15.385826110839844
137,4,45,239,False,3.1056231759721413,10.550308227539062
138,5,9,71,False,0.9465750550152734,12.259613037109375
139,5,45,287,False,3.729389362037182,10.035895347595215
140,2,0,8,False,0.21301040495745838,15.436042785644531
141,3,45,191,False,2.6148640420287848,10.053314208984375
142,1,0,5,False,0.17921528092119843,15.00573444366455
143,1,45,95,False,1.2577273920178413,10.228963851928711
144,4,21,119,False,1.5286371159600094,10.749732971191406
145,5,21,143,False,1.864851777907461,10.545848846435547
146,1,9,23,False,0.3880043859826401,13.052774429321289
147,1,9,23,False,0.38817248202394694,12.977644920349121
148,3,3,23,False,0.3799610109999776,14.484817504882812
149,4,21,119,False,1.528975055902265,10.588957786560059
150,5,9,71,False,0.9476085749920458,11.56153678894043
